{"inputUnits":[2],"outputUnits":5,"inputs":{"0":{"dtype":"number","min":12.92937673828149,"max":492.8873191341597},"1":{"dtype":"number","min":70.57902508085886,"max":402.98406312224495}},"outputs":{"0":{"dtype":"string","min":0,"max":1,"uniqueValues":["u","d","l","r","f"],"legend":{"u":[1,0,0,0,0],"d":[0,1,0,0,0],"l":[0,0,1,0,0],"r":[0,0,0,1,0],"f":[0,0,0,0,1]}}},"isNormalized":true}