{"inputUnits":[2],"outputUnits":5,"inputs":{"0":{"dtype":"number","min":70.98058365761813,"max":326.38875685313934},"1":{"dtype":"number","min":131.35592569839366,"max":404.7140391167693}},"outputs":{"0":{"dtype":"string","min":0,"max":1,"uniqueValues":["f","u","d","l","r"],"legend":{"f":[1,0,0,0,0],"u":[0,1,0,0,0],"d":[0,0,1,0,0],"l":[0,0,0,1,0],"r":[0,0,0,0,1]}}},"isNormalized":true}