{"inputUnits":[3],"outputUnits":5,"inputs":{"0":{"dtype":"number","min":103.36015353398929,"max":497.13231967843376},"1":{"dtype":"number","min":230.77513932911287,"max":461.0210089380653},"2":{"dtype":"number","min":-0.003240056335926056,"max":0.01819349080324173}},"outputs":{"0":{"dtype":"string","min":0,"max":1,"uniqueValues":["u","d","l","r","f"],"legend":{"u":[1,0,0,0,0],"d":[0,1,0,0,0],"l":[0,0,1,0,0],"r":[0,0,0,1,0],"f":[0,0,0,0,1]}}},"isNormalized":true}