{"inputUnits":[2],"outputUnits":5,"inputs":{"0":{"dtype":"number","min":99.37059411547895,"max":431.83187989986027},"1":{"dtype":"number","min":192.9987884140441,"max":389.5721177551982}},"outputs":{"0":{"dtype":"string","min":0,"max":1,"uniqueValues":["u","d","l","r","f"],"legend":{"u":[1,0,0,0,0],"d":[0,1,0,0,0],"l":[0,0,1,0,0],"r":[0,0,0,1,0],"f":[0,0,0,0,1]}}},"isNormalized":true}