{"inputUnits":[3],"outputUnits":5,"inputs":{"0":{"dtype":"number","min":-0.016950820683263146,"max":524.2665481704955},"1":{"dtype":"number","min":134.65004245576216,"max":436.24006811040266},"2":{"dtype":"number","min":-0.001759059727191925,"max":0.006216980516910553}},"outputs":{"0":{"dtype":"string","min":0,"max":1,"uniqueValues":["f","u","d","l","r"],"legend":{"f":[1,0,0,0,0],"u":[0,1,0,0,0],"d":[0,0,1,0,0],"l":[0,0,0,1,0],"r":[0,0,0,0,1]}}},"isNormalized":true}