{"inputUnits":[2],"outputUnits":5,"inputs":{"0":{"dtype":"number","min":19.90434928851468,"max":444.8046401861335},"1":{"dtype":"number","min":149.4502699416401,"max":429.30181448775573}},"outputs":{"0":{"dtype":"string","min":0,"max":1,"uniqueValues":["u","d","l","r","f"],"legend":{"u":[1,0,0,0,0],"d":[0,1,0,0,0],"l":[0,0,1,0,0],"r":[0,0,0,1,0],"f":[0,0,0,0,1]}}},"isNormalized":true}