{"inputUnits":[2],"outputUnits":5,"inputs":{"0":{"dtype":"number","min":224.06338270003013,"max":518.1943975313513},"1":{"dtype":"number","min":112.59702183838499,"max":330.0672892724185}},"outputs":{"0":{"dtype":"string","min":0,"max":1,"uniqueValues":["d","u","l","r","f"],"legend":{"d":[1,0,0,0,0],"u":[0,1,0,0,0],"l":[0,0,1,0,0],"r":[0,0,0,1,0],"f":[0,0,0,0,1]}}},"isNormalized":true}