{"inputUnits":[3],"outputUnits":5,"inputs":{"0":{"dtype":"number","min":44.95001195305403,"max":484.7883720975455},"1":{"dtype":"number","min":100.9407407063003,"max":461.586300898657},"2":{"dtype":"number","min":-0.008345626294612885,"max":0.005072839558124542}},"outputs":{"0":{"dtype":"string","min":0,"max":1,"uniqueValues":["u","d","l","r","f"],"legend":{"u":[1,0,0,0,0],"d":[0,1,0,0,0],"l":[0,0,1,0,0],"r":[0,0,0,1,0],"f":[0,0,0,0,1]}}},"isNormalized":true}